Esquema,Conservabilidade
11111111,True
11111112,True
11111211,False
11111212,False
11121121,False
11121122,False
11121221,True
11121222,True
11211111,True
11211112,True
11211211,False
11211212,False
11221121,False
11221122,False
11221221,True
11221222,True
12112111,True
12112112,True
12112211,True
12112212,True
12122121,False
12122122,False
12122221,True
12122222,True
12212111,True
12212112,True
12212211,False
12212212,False
12222121,False
12222122,False
12222221,True
12222222,True
21111111,True
21111112,True
21111211,False
21111212,False
21121121,False
21121122,False
21121221,True
21121222,True
21211111,True
21211112,True
21211211,False
21211212,False
21221121,False
21221122,False
21221221,True
21221222,True
22112111,True
22112112,True
22112211,True
22112212,True
22122121,False
22122122,False
22122221,True
22122222,True
22212111,True
22212112,True
22212211,False
22212212,False
22222121,False
22222122,False
22222221,True
11111213,False
11111312,False
11121123,False
11121223,True
11121321,False
11121322,False
11121323,False
11131132,False
11131231,False
11131232,False
11131233,False
11131332,True
11211113,True
11211213,False
11211311,False
11211312,False
11211313,False
11221123,False
11221223,True
11221321,False
11221322,False
11221323,False
11231131,False
11231132,False
11231133,False
11231231,False
11231232,False
11231233,False
11231331,True
11231332,True
11231333,True
11311112,True
11311211,False
11311212,False
11311213,False
11311312,False
11321121,False
11321122,False
11321123,False
11321221,True
11321222,True
11321223,True
11321321,False
11321322,False
11321323,False
11331132,False
11331231,False
11331232,False
11331233,False
11331332,True
12112113,True
12112213,True
12112311,False
12112312,False
12112313,False
12122123,False
12122223,True
12122321,False
12122322,False
12122323,False
12132131,False
12132132,False
12132133,False
12132231,False
12132232,False
12132233,False
12132331,True
12132332,True
12132333,True
12212113,True
12212213,False
12212311,False
12212312,False
12212313,False
12222123,False
12222223,True
12222321,False
12222322,False
12222323,False
12232131,False
12232132,False
12232133,False
12232231,False
12232232,False
12232233,False
12232331,True
12232332,True
12232333,True
12312111,True
12312112,True
12312113,True
12312211,True
12312212,True
12312213,True
12312311,False
12312312,False
12312313,False
12322121,False
12322122,False
12322123,False
12322221,True
12322222,True
12322223,True
12322321,False
12322322,False
12322323,False
12332131,False
12332132,False
12332133,False
12332231,False
12332232,False
12332233,False
12332331,True
12332332,True
12332333,True
13113112,True
13113211,True
13113212,True
13113213,True
13113312,True
13123121,False
13123122,False
13123123,False
13123221,True
13123222,True
13123223,True
13123321,True
13123322,True
13123323,True
13133132,False
13133231,False
13133232,False
13133233,False
13133332,True
13213111,True
13213112,True
13213113,True
13213211,False
13213212,False
13213213,False
13213311,False
13213312,False
13213313,False
13223121,False
13223122,False
13223123,False
13223221,True
13223222,True
13223223,True
13223321,True
13223322,True
13223323,True
13233131,False
13233132,False
13233133,False
13233231,False
13233232,False
13233233,False
13233331,True
13233332,True
13233333,True
13313112,True
13313211,False
13313212,False
13313213,False
13313312,False
13323121,False
13323122,False
13323123,False
13323221,True
13323222,True
13323223,True
13323321,False
13323322,False
13323323,False
13333132,False
13333231,False
13333232,False
13333233,False
13333332,True
21111113,True
21111213,False
21111311,False
21111312,False
21111313,False
21121123,False
21121223,True
21121321,False
21121322,False
21121323,False
21131131,False
21131132,False
21131133,False
21131231,False
21131232,False
21131233,False
21131331,True
21131332,True
21131333,True
21211113,True
21211213,False
21211311,False
21211312,False
21211313,False
21221123,False
21221223,True
21221321,False
21221322,False
21221323,False
21231131,False
21231132,False
21231133,False
21231231,False
21231232,False
21231233,False
21231331,True
21231332,True
21231333,True
21311111,True
21311112,True
21311113,True
21311211,False
21311212,False
21311213,False
21311311,False
21311312,False
21311313,False
21321121,False
21321122,False
21321123,False
21321221,True
21321222,True
21321223,True
21321321,False
21321322,False
21321323,False
21331131,False
21331132,False
21331133,False
21331231,False
21331232,False
21331233,False
21331331,True
21331332,True
21331333,True
22112113,True
22112213,True
22112311,False
22112312,False
22112313,False
22122123,False
22122223,True
22122321,False
22122322,False
22122323,False
22132131,False
22132132,False
22132133,False
22132231,False
22132232,False
22132233,False
22132331,True
22132332,True
22132333,True
22212113,True
22212213,False
22212311,False
22212312,False
22212313,False
22222123,False
22222321,False
22232131,False
22232132,False
22232133,False
22232231,False
22232331,True
22312111,True
22312112,True
22312113,True
22312211,True
22312212,True
22312213,True
22312311,False
22312312,False
22312313,False
22322121,False
22322122,False
22322123,False
22322221,True
22322321,False
22332131,False
22332132,False
22332133,False
22332231,False
22332331,True
23113111,True
23113112,True
23113113,True
23113211,True
23113212,True
23113213,True
23113311,True
23113312,True
23113313,True
23123121,False
23123122,False
23123123,False
23123221,True
23123222,True
23123223,True
23123321,True
23123322,True
23123323,True
23133131,False
23133132,False
23133133,False
23133231,False
23133232,False
23133233,False
23133331,True
23133332,True
23133333,True
23213111,True
23213112,True
23213113,True
23213211,False
23213212,False
23213213,False
23213311,False
23213312,False
23213313,False
23223121,False
23223122,False
23223123,False
23223221,True
23223321,True
23233131,False
23233132,False
23233133,False
23233231,False
23233331,True
23313111,True
23313112,True
23313113,True
23313211,False
23313212,False
23313213,False
23313311,False
23313312,False
23313313,False
23323121,False
23323122,False
23323123,False
23323221,True
23323321,False
23333131,False
23333132,False
23333133,False
23333231,False
23333331,True
31111112,True
31111211,False
31111212,False
31111213,False
31111312,False
31121121,False
31121122,False
31121123,False
31121221,True
31121222,True
31121223,True
31121321,False
31121322,False
31121323,False
31131132,False
31131231,False
31131232,False
31131233,False
31131332,True
31211111,True
31211112,True
31211113,True
31211211,False
31211212,False
31211213,False
31211311,False
31211312,False
31211313,False
31221121,False
31221122,False
31221123,False
31221221,True
31221222,True
31221223,True
31221321,False
31221322,False
31221323,False
31231131,False
31231132,False
31231133,False
31231231,False
31231232,False
31231233,False
31231331,True
31231332,True
31231333,True
31311112,True
31311211,False
31311212,False
31311213,False
31311312,False
31321121,False
31321122,False
31321123,False
31321221,True
31321222,True
31321223,True
31321321,False
31321322,False
31321323,False
31331132,False
31331231,False
31331232,False
31331233,False
31331332,True
32112111,True
32112112,True
32112113,True
32112211,True
32112212,True
32112213,True
32112311,False
32112312,False
32112313,False
32122121,False
32122122,False
32122123,False
32122221,True
32122222,True
32122223,True
32122321,False
32122322,False
32122323,False
32132131,False
32132132,False
32132133,False
32132231,False
32132232,False
32132233,False
32132331,True
32132332,True
32132333,True
32212111,True
32212112,True
32212113,True
32212211,False
32212212,False
32212213,False
32212311,False
32212312,False
32212313,False
32222121,False
32222122,False
32222123,False
32222221,True
32222321,False
32232131,False
32232132,False
32232133,False
32232231,False
32232331,True
32312111,True
32312112,True
32312113,True
32312211,True
32312212,True
32312213,True
32312311,False
32312312,False
32312313,False
32322121,False
32322122,False
32322123,False
32322221,True
32322321,False
32332131,False
32332132,False
32332133,False
32332231,False
32332331,True
33113112,True
33113211,True
33113212,True
33113213,True
33113312,True
33123121,False
33123122,False
33123123,False
33123221,True
33123222,True
33123223,True
33123321,True
33123322,True
33123323,True
33133132,False
33133231,False
33133232,False
33133233,False
33133332,True
33213111,True
33213112,True
33213113,True
33213211,False
33213212,False
33213213,False
33213311,False
33213312,False
33213313,False
33223121,False
33223122,False
33223123,False
33223221,True
33223321,True
33233131,False
33233132,False
33233133,False
33233231,False
33233331,True
33313112,True
33313211,False
33313212,False
33313213,False
33313312,False
33323121,False
33323122,False
33323123,False
33323221,True
33323321,False
33333132,False
33333231,False
11121324,False
11121423,False
11131234,False
11131432,False
11141243,False
11141342,False
11211314,False
11211413,False
11221324,False
11221423,False
11231134,False
11231234,False
11231334,True
11231431,False
11231432,False
11231433,False
11231434,False
11241143,False
11241243,False
11241341,False
11241342,False
11241343,False
11241344,False
11241443,True
11311214,False
11311412,False
11321124,False
11321224,True
11321324,False
11321421,False
11321422,False
11321423,False
11321424,False
11331234,False
11331432,False
11341142,False
11341241,False
11341242,False
11341243,False
11341244,False
11341342,False
11341442,True
11411213,False
11411312,False
11421123,False
11421223,True
11421321,False
11421322,False
11421323,False
11421324,False
11421423,False
11431132,False
11431231,False
11431232,False
11431233,False
11431234,False
11431332,True
11431432,False
11441243,False
11441342,False
12112314,False
12112413,False
12122324,False
12122423,False
12132134,False
12132234,False
12132334,True
12132431,False
12132432,False
12132433,False
12132434,False
12142143,False
12142243,False
12142341,False
12142342,False
12142343,False
12142344,False
12142443,True
12212314,False
12212413,False
12222324,False
12222423,False
12232134,False
12232234,False
12232334,True
12232431,False
12232432,False
12232433,False
12232434,False
12242143,False
12242243,False
12242341,False
12242342,False
12242343,False
12242344,False
12242443,True
12312114,True
12312214,True
12312314,False
12312411,False
12312412,False
12312413,False
12312414,False
12322124,False
12322224,True
12322324,False
12322421,False
12322422,False
12322423,False
12322424,False
12332134,False
12332234,False
12332334,True
12332431,False
12332432,False
12332433,False
12332434,False
12342141,False
12342142,False
12342143,False
12342144,False
12342241,False
12342242,False
12342243,False
12342244,False
12342341,False
12342342,False
12342343,False
12342344,False
12342441,True
12342442,True
12342443,True
12342444,True
12412113,True
12412213,True
12412311,False
12412312,False
12412313,False
12412314,False
12412413,False
12422123,False
12422223,True
12422321,False
12422322,False
12422323,False
12422324,False
12422423,False
12432131,False
12432132,False
12432133,False
12432134,False
12432231,False
12432232,False
12432233,False
12432234,False
12432331,True
12432332,True
12432333,True
12432334,True
12432431,False
12432432,False
12432433,False
12432434,False
12442143,False
12442243,False
12442341,False
12442342,False
12442343,False
12442344,False
12442443,True
13113214,True
13113412,False
13123124,False
13123224,True
13123324,True
13123421,False
13123422,False
13123423,False
13123424,False
13133234,False
13133432,False
13143142,False
13143241,False
13143242,False
13143243,False
13143244,False
13143342,False
13143442,True
13213114,True
13213214,False
13213314,False
13213411,False
13213412,False
13213413,False
13213414,False
13223124,False
13223224,True
13223324,True
13223421,False
13223422,False
13223423,False
13223424,False
13233134,False
13233234,False
13233334,True
13233431,False
13233432,False
13233433,False
13233434,False
13243141,False
13243142,False
13243143,False
13243144,False
13243241,False
13243242,False
13243243,False
13243244,False
13243341,False
13243342,False
13243343,False
13243344,False
13243441,True
13243442,True
13243443,True
13243444,True
13313214,False
13313412,False
13323124,False
13323224,True
13323324,False
13323421,False
13323422,False
13323423,False
13323424,False
13333234,False
13333432,False
13343142,False
13343241,False
13343242,False
13343243,False
13343244,False
13343342,False
13343442,True
13413112,True
13413211,True
13413212,True
13413213,True
13413214,True
13413312,True
13413412,False
13423121,False
13423122,False
13423123,False
13423124,False
13423221,True
13423222,True
13423223,True
13423224,True
13423321,True
13423322,True
13423323,True
13423324,True
13423421,False
13423422,False
13423423,False
13423424,False
13433132,False
13433231,False
13433232,False
13433233,False
13433234,False
13433332,True
13433432,False
13443142,False
13443241,False
13443242,False
13443243,False
13443244,False
13443342,False
13443442,True
14114213,True
14114312,True
14124123,False
14124223,True
14124321,True
14124322,True
14124323,True
14124324,True
14124423,True
14134132,False
14134231,False
14134232,False
14134233,False
14134234,False
14134332,True
14134432,True
14144243,False
14144342,False
14214113,True
14214213,False
14214311,False
14214312,False
14214313,False
14214314,False
14214413,False
14224123,False
14224223,True
14224321,True
14224322,True
14224323,True
14224324,True
14224423,True
14234131,False
14234132,False
14234133,False
14234134,False
14234231,False
14234232,False
14234233,False
14234234,False
14234331,True
14234332,True
14234333,True
14234334,True
14234431,True
14234432,True
14234433,True
14234434,True
14244143,False
14244243,False
14244341,False
14244342,False
14244343,False
14244344,False
14244443,True
14314112,True
14314211,False
14314212,False
14314213,False
14314214,False
14314312,False
14314412,False
14324121,False
14324122,False
14324123,False
14324124,False
14324221,True
14324222,True
14324223,True
14324224,True
14324321,False
14324322,False
14324323,False
14324324,False
14324421,False
14324422,False
14324423,False
14324424,False
14334132,False
14334231,False
14334232,False
14334233,False
14334234,False
14334332,True
14334432,True
14344142,False
14344241,False
14344242,False
14344243,False
14344244,False
14344342,False
14344442,True
14414213,False
14414312,False
14424123,False
14424223,True
14424321,False
14424322,False
14424323,False
14424324,False
14424423,False
14434132,False
14434231,False
14434232,False
14434233,False
14434234,False
14434332,True
14434432,False
14444243,False
14444342,False
21111314,False
21111413,False
21121324,False
21121423,False
21131134,False
21131234,False
21131334,True
21131431,False
21131432,False
21131433,False
21131434,False
21141143,False
21141243,False
21141341,False
21141342,False
21141343,False
21141344,False
21141443,True
21211314,False
21211413,False
21221324,False
21221423,False
21231134,False
21231234,False
21231334,True
21231431,False
21231432,False
21231433,False
21231434,False
21241143,False
21241243,False
21241341,False
21241342,False
21241343,False
21241344,False
21241443,True
21311114,True
21311214,False
21311314,False
21311411,False
21311412,False
21311413,False
21311414,False
21321124,False
21321224,True
21321324,False
21321421,False
21321422,False
21321423,False
21321424,False
21331134,False
21331234,False
21331334,True
21331431,False
21331432,False
21331433,False
21331434,False
21341141,False
21341142,False
21341143,False
21341144,False
21341241,False
21341242,False
21341243,False
21341244,False
21341341,False
21341342,False
21341343,False
21341344,False
21341441,True
21341442,True
21341443,True
21341444,True
21411113,True
21411213,False
21411311,False
21411312,False
21411313,False
21411314,False
21411413,False
21421123,False
21421223,True
21421321,False
21421322,False
21421323,False
21421324,False
21421423,False
21431131,False
21431132,False
21431133,False
21431134,False
21431231,False
21431232,False
21431233,False
21431234,False
21431331,True
21431332,True
21431333,True
21431334,True
21431431,False
21431432,False
21431433,False
21431434,False
21441143,False
21441243,False
21441341,False
21441342,False
21441343,False
21441344,False
21441443,True
22112314,False
22112413,False
22122324,False
22122423,False
22132134,False
22132234,False
22132334,True
22132431,False
22132432,False
22132433,False
22132434,False
22142143,False
22142243,False
22142341,False
22142342,False
22142343,False
22142344,False
22142443,True
22212314,False
22212413,False
22232134,False
22232431,False
22242143,False
22242341,False
22312114,True
22312214,True
22312314,False
22312411,False
22312412,False
22312413,False
22312414,False
22322124,False
22322421,False
22332134,False
22332431,False
22342141,False
22342142,False
22342143,False
22342144,False
22342241,False
22342341,False
22342441,True
22412113,True
22412213,True
22412311,False
22412312,False
22412313,False
22412314,False
22412413,False
22422123,False
22422321,False
22432131,False
22432132,False
22432133,False
22432134,False
22432231,False
22432331,True
22432431,False
22442143,False
22442341,False
23113114,True
23113214,True
23113314,True
23113411,False
23113412,False
23113413,False
23113414,False
23123124,False
23123224,True
23123324,True
23123421,False
23123422,False
23123423,False
23123424,False
23133134,False
23133234,False
23133334,True
23133431,False
23133432,False
23133433,False
23133434,False
23143141,False
23143142,False
23143143,False
23143144,False
23143241,False
23143242,False
23143243,False
23143244,False
23143341,False
23143342,False
23143343,False
23143344,False
23143441,True
23143442,True
23143443,True
23143444,True
23213114,True
23213214,False
23213314,False
23213411,False
23213412,False
23213413,False
23213414,False
23223124,False
23223421,False
23233134,False
23233431,False
23243141,False
23243142,False
23243143,False
23243144,False
23243241,False
23243341,False
23243441,True
23313114,True
23313214,False
23313314,False
23313411,False
23313412,False
23313413,False
23313414,False
23323124,False
23323421,False
23333134,False
23333431,False
23343141,False
23343142,False
23343143,False
23343144,False
23343241,False
23343341,False
23343441,True
23413111,True
23413112,True
23413113,True
23413114,True
23413211,True
23413212,True
23413213,True
23413214,True
23413311,True
23413312,True
23413313,True
23413314,True
23413411,False
23413412,False
23413413,False
23413414,False
23423121,False
23423122,False
23423123,False
23423124,False
23423221,True
23423321,True
23423421,False
23433131,False
23433132,False
23433133,False
23433134,False
23433231,False
23433331,True
23433431,False
23443141,False
23443142,False
23443143,False
23443144,False
23443241,False
23443341,False
23443441,True
24114113,True
24114213,True
24114311,True
24114312,True
24114313,True
24114314,True
24114413,True
24124123,False
24124223,True
24124321,True
24124322,True
24124323,True
24124324,True
24124423,True
24134131,False
24134132,False
24134133,False
24134134,False
24134231,False
24134232,False
24134233,False
24134234,False
24134331,True
24134332,True
24134333,True
24134334,True
24134431,True
24134432,True
24134433,True
24134434,True
24144143,False
24144243,False
24144341,False
24144342,False
24144343,False
24144344,False
24144443,True
24214113,True
24214213,False
24214311,False
24214312,False
24214313,False
24214314,False
24214413,False
24224123,False
24224321,True
24234131,False
24234132,False
24234133,False
24234134,False
24234231,False
24234331,True
24234431,True
24244143,False
24244341,False
24314111,True
24314112,True
24314113,True
24314114,True
24314211,False
24314212,False
24314213,False
24314214,False
24314311,False
24314312,False
24314313,False
24314314,False
24314411,False
24314412,False
24314413,False
24314414,False
24324121,False
24324122,False
24324123,False
24324124,False
24324221,True
24324321,False
24324421,False
24334131,False
24334132,False
24334133,False
24334134,False
24334231,False
24334331,True
24334431,True
24344141,False
24344142,False
24344143,False
24344144,False
24344241,False
24344341,False
24344441,True
24414113,True
24414213,False
24414311,False
24414312,False
24414313,False
24414314,False
24414413,False
24424123,False
24424321,False
24434131,False
24434132,False
24434133,False
24434134,False
24434231,False
24434331,True
24434431,False
24444143,False
24444341,False
31111214,False
31111412,False
31121124,False
31121224,True
31121324,False
31121421,False
31121422,False
31121423,False
31121424,False
31131234,False
31131432,False
31141142,False
31141241,False
31141242,False
31141243,False
31141244,False
31141342,False
31141442,True
31211114,True
31211214,False
31211314,False
31211411,False
31211412,False
31211413,False
31211414,False
31221124,False
31221224,True
31221324,False
31221421,False
31221422,False
31221423,False
31221424,False
31231134,False
31231234,False
31231334,True
31231431,False
31231432,False
31231433,False
31231434,False
31241141,False
31241142,False
31241143,False
31241144,False
31241241,False
31241242,False
31241243,False
31241244,False
31241341,False
31241342,False
31241343,False
31241344,False
31241441,True
31241442,True
31241443,True
31241444,True
31311214,False
31311412,False
31321124,False
31321224,True
31321324,False
31321421,False
31321422,False
31321423,False
31321424,False
31331234,False
31331432,False
31341142,False
31341241,False
31341242,False
31341243,False
31341244,False
31341342,False
31341442,True
31411112,True
31411211,False
31411212,False
31411213,False
31411214,False
31411312,False
31411412,False
31421121,False
31421122,False
31421123,False
31421124,False
31421221,True
31421222,True
31421223,True
31421224,True
31421321,False
31421322,False
31421323,False
31421324,False
31421421,False
31421422,False
31421423,False
31421424,False
31431132,False
31431231,False
31431232,False
31431233,False
31431234,False
31431332,True
31431432,False
31441142,False
31441241,False
31441242,False
31441243,False
31441244,False
31441342,False
31441442,True
32112114,True
32112214,True
32112314,False
32112411,False
32112412,False
32112413,False
32112414,False
32122124,False
32122224,True
32122324,False
32122421,False
32122422,False
32122423,False
32122424,False
32132134,False
32132234,False
32132334,True
32132431,False
32132432,False
32132433,False
32132434,False
32142141,False
32142142,False
32142143,False
32142144,False
32142241,False
32142242,False
32142243,False
32142244,False
32142341,False
32142342,False
32142343,False
32142344,False
32142441,True
32142442,True
32142443,True
32142444,True
32212114,True
32212214,False
32212314,False
32212411,False
32212412,False
32212413,False
32212414,False
32222124,False
32222421,False
32232134,False
32232431,False
32242141,False
32242142,False
32242143,False
32242144,False
32242241,False
32242341,False
32242441,True
32312114,True
32312214,True
32312314,False
32312411,False
32312412,False
32312413,False
32312414,False
32322124,False
32322421,False
32332134,False
32332431,False
32342141,False
32342142,False
32342143,False
32342144,False
32342241,False
32342341,False
32342441,True
32412111,True
32412112,True
32412113,True
32412114,True
32412211,True
32412212,True
32412213,True
32412214,True
32412311,False
32412312,False
32412313,False
32412314,False
32412411,False
32412412,False
32412413,False
32412414,False
32422121,False
32422122,False
32422123,False
32422124,False
32422221,True
32422321,False
32422421,False
32432131,False
32432132,False
32432133,False
32432134,False
32432231,False
32432331,True
32432431,False
32442141,False
32442142,False
32442143,False
32442144,False
32442241,False
32442341,False
32442441,True
33113214,True
33113412,False
33123124,False
33123224,True
33123324,True
33123421,False
33123422,False
33123423,False
33123424,False
33133234,False
33133432,False
33143142,False
33143241,False
33143242,False
33143243,False
33143244,False
33143342,False
33143442,True
33213114,True
33213214,False
33213314,False
33213411,False
33213412,False
33213413,False
33213414,False
33223124,False
33223421,False
33233134,False
33233431,False
33243141,False
33243142,False
33243143,False
33243144,False
33243241,False
33243341,False
33243441,True
33313214,False
33313412,False
33323124,False
33323421,False
33343142,False
33343241,False
33413112,True
33413211,True
33413212,True
33413213,True
33413214,True
33413312,True
33413412,False
33423121,False
33423122,False
33423123,False
33423124,False
33423221,True
33423321,True
33423421,False
33433132,False
33433231,False
33443142,False
33443241,False
34114112,True
34114211,True
34114212,True
34114213,True
34114214,True
34114312,True
34114412,True
34124121,False
34124122,False
34124123,False
34124124,False
34124221,True
34124222,True
34124223,True
34124224,True
34124321,True
34124322,True
34124323,True
34124324,True
34124421,True
34124422,True
34124423,True
34124424,True
34134132,False
34134231,False
34134232,False
34134233,False
34134234,False
34134332,True
34134432,True
34144142,False
34144241,False
34144242,False
34144243,False
34144244,False
34144342,False
34144442,True
34214111,True
34214112,True
34214113,True
34214114,True
34214211,False
34214212,False
34214213,False
34214214,False
34214311,False
34214312,False
34214313,False
34214314,False
34214411,False
34214412,False
34214413,False
34214414,False
34224121,False
34224122,False
34224123,False
34224124,False
34224221,True
34224321,True
34224421,True
34234131,False
34234132,False
34234133,False
34234134,False
34234231,False
34234331,True
34234431,True
34244141,False
34244142,False
34244143,False
34244144,False
34244241,False
34244341,False
34244441,True
34314112,True
34314211,False
34314212,False
34314213,False
34314214,False
34314312,False
34314412,False
34324121,False
34324122,False
34324123,False
34324124,False
34324221,True
34324321,False
34324421,False
34334132,False
34334231,False
34344142,False
34344241,False
34414112,True
34414211,False
34414212,False
34414213,False
34414214,False
34414312,False
34414412,False
34424121,False
34424122,False
34424123,False
34424124,False
34424221,True
34424321,False
34424421,False
34434132,False
34434231,False
34444142,False
34444241,False
41111213,False
41111312,False
41121123,False
41121223,True
41121321,False
41121322,False
41121323,False
41121324,False
41121423,False
41131132,False
41131231,False
41131232,False
41131233,False
41131234,False
41131332,True
41131432,False
41141243,False
41141342,False
41211113,True
41211213,False
41211311,False
41211312,False
41211313,False
41211314,False
41211413,False
41221123,False
41221223,True
41221321,False
41221322,False
41221323,False
41221324,False
41221423,False
41231131,False
41231132,False
41231133,False
41231134,False
41231231,False
41231232,False
41231233,False
41231234,False
41231331,True
41231332,True
41231333,True
41231334,True
41231431,False
41231432,False
41231433,False
41231434,False
41241143,False
41241243,False
41241341,False
41241342,False
41241343,False
41241344,False
41241443,True
41311112,True
41311211,False
41311212,False
41311213,False
41311214,False
41311312,False
41311412,False
41321121,False
41321122,False
41321123,False
41321124,False
41321221,True
41321222,True
41321223,True
41321224,True
41321321,False
41321322,False
41321323,False
41321324,False
41321421,False
41321422,False
41321423,False
41321424,False
41331132,False
41331231,False
41331232,False
41331233,False
41331234,False
41331332,True
41331432,False
41341142,False
41341241,False
41341242,False
41341243,False
41341244,False
41341342,False
41341442,True
41411213,False
41411312,False
41421123,False
41421223,True
41421321,False
41421322,False
41421323,False
41421324,False
41421423,False
41431132,False
41431231,False
41431232,False
41431233,False
41431234,False
41431332,True
41431432,False
41441243,False
41441342,False
42112113,True
42112213,True
42112311,False
42112312,False
42112313,False
42112314,False
42112413,False
42122123,False
42122223,True
42122321,False
42122322,False
42122323,False
42122324,False
42122423,False
42132131,False
42132132,False
42132133,False
42132134,False
42132231,False
42132232,False
42132233,False
42132234,False
42132331,True
42132332,True
42132333,True
42132334,True
42132431,False
42132432,False
42132433,False
42132434,False
42142143,False
42142243,False
42142341,False
42142342,False
42142343,False
42142344,False
42142443,True
42212113,True
42212213,False
42212311,False
42212312,False
42212313,False
42212314,False
42212413,False
42222123,False
42222321,False
42232131,False
42232132,False
42232133,False
42232134,False
42232231,False
42232331,True
42232431,False
42242143,False
42242341,False
42312111,True
42312112,True
42312113,True
42312114,True
42312211,True
42312212,True
42312213,True
42312214,True
42312311,False
42312312,False
42312313,False
42312314,False
42312411,False
42312412,False
42312413,False
42312414,False
42322121,False
42322122,False
42322123,False
42322124,False
42322221,True
42322321,False
42322421,False
42332131,False
42332132,False
42332133,False
42332134,False
42332231,False
42332331,True
42332431,False
42342141,False
42342142,False
42342143,False
42342144,False
42342241,False
42342341,False
42342441,True
42412113,True
42412213,True
42412311,False
42412312,False
42412313,False
42412314,False
42412413,False
42422123,False
42422321,False
42432131,False
42432132,False
42432133,False
42432134,False
42432231,False
42432331,True
42432431,False
42442143,False
42442341,False
43113112,True
43113211,True
43113212,True
43113213,True
43113214,True
43113312,True
43113412,False
43123121,False
43123122,False
43123123,False
43123124,False
43123221,True
43123222,True
43123223,True
43123224,True
43123321,True
43123322,True
43123323,True
43123324,True
43123421,False
43123422,False
43123423,False
43123424,False
43133132,False
43133231,False
43133232,False
43133233,False
43133234,False
43133332,True
43133432,False
43143142,False
43143241,False
43143242,False
43143243,False
43143244,False
43143342,False
43143442,True
43213111,True
43213112,True
43213113,True
43213114,True
43213211,False
43213212,False
43213213,False
43213214,False
43213311,False
43213312,False
43213313,False
43213314,False
43213411,False
43213412,False
43213413,False
43213414,False
43223121,False
43223122,False
43223123,False
43223124,False
43223221,True
43223321,True
43223421,False
43233131,False
43233132,False
43233133,False
43233134,False
43233231,False
43233331,True
43233431,False
43243141,False
43243142,False
43243143,False
43243144,False
43243241,False
43243341,False
43243441,True
43313112,True
43313211,False
43313212,False
43313213,False
43313214,False
43313312,False
43313412,False
43323121,False
43323122,False
43323123,False
43323124,False
43323221,True
43323321,False
43323421,False
43333132,False
43333231,False
43343142,False
43343241,False
43413112,True
43413211,True
43413212,True
43413213,True
43413214,True
43413312,True
43413412,False
43423121,False
43423122,False
43423123,False
43423124,False
43423221,True
43423321,True
43423421,False
43433132,False
43433231,False
43443142,False
43443241,False
44114213,True
44114312,True
44124123,False
44124223,True
44124321,True
44124322,True
44124323,True
44124324,True
44124423,True
44134132,False
44134231,False
44134232,False
44134233,False
44134234,False
44134332,True
44134432,True
44144243,False
44144342,False
44214113,True
44214213,False
44214311,False
44214312,False
44214313,False
44214314,False
44214413,False
44224123,False
44224321,True
44234131,False
44234132,False
44234133,False
44234134,False
44234231,False
44234331,True
44234431,True
44244143,False
44244341,False
44314112,True
44314211,False
44314212,False
44314213,False
44314214,False
44314312,False
44314412,False
44324121,False
44324122,False
44324123,False
44324124,False
44324221,True
44324321,False
44324421,False
44334132,False
44334231,False
44344142,False
44344241,False
44414213,False
44414312,False
44424123,False
44424321,False
44434132,False
44434231,False
11231435,False
11231534,False
11241345,False
11241543,False
11251354,False
11251453,False
11321425,False
11321524,False
11341245,False
11341542,False
11351254,False
11351452,False
11421325,False
11421523,False
11431235,False
11431532,False
11451253,False
11451352,False
11521324,False
11521423,False
11531234,False
11531432,False
11541243,False
11541342,False
12132435,False
12132534,False
12142345,False
12142543,False
12152354,False
12152453,False
12232435,False
12232534,False
12242345,False
12242543,False
12252354,False
12252453,False
12312415,False
12312514,False
12322425,False
12322524,False
12332435,False
12332534,False
12342145,False
12342245,False
12342345,False
12342445,True
12342541,False
12342542,False
12342543,False
12342544,False
12342545,False
12352154,False
12352254,False
12352354,False
12352451,False
12352452,False
12352453,False
12352454,False
12352455,False
12352554,True
12412315,False
12412513,False
12422325,False
12422523,False
12432135,False
12432235,False
12432335,True
12432435,False
12432531,False
12432532,False
12432533,False
12432534,False
12432535,False
12442345,False
12442543,False
12452153,False
12452253,False
12452351,False
12452352,False
12452353,False
12452354,False
12452355,False
12452453,False
12452553,True
12512314,False
12512413,False
12522324,False
12522423,False
12532134,False
12532234,False
12532334,True
12532431,False
12532432,False
12532433,False
12532434,False
12532435,False
12532534,False
12542143,False
12542243,False
12542341,False
12542342,False
12542343,False
12542344,False
12542345,False
12542443,True
12542543,False
12552354,False
12552453,False
13123425,False
13123524,False
13143245,False
13143542,False
13153254,False
13153452,False
13213415,False
13213514,False
13223425,False
13223524,False
13233435,False
13233534,False
13243145,False
13243245,False
13243345,False
13243445,True
13243541,False
13243542,False
13243543,False
13243544,False
13243545,False
13253154,False
13253254,False
13253354,False
13253451,False
13253452,False
13253453,False
13253454,False
13253455,False
13253554,True
13323425,False
13323524,False
13343245,False
13343542,False
13353254,False
13353452,False
13413215,True
13413512,False
13423125,False
13423225,True
13423325,True
13423425,False
13423521,False
13423522,False
13423523,False
13423524,False
13423525,False
13433235,False
13433532,False
13443245,False
13443542,False
13453152,False
13453251,False
13453252,False
13453253,False
13453254,False
13453255,False
13453352,False
13453452,False
13453552,True
13513214,True
13513412,False
13523124,False
13523224,True
13523324,True
13523421,False
13523422,False
13523423,False
13523424,False
13523425,False
13523524,False
13533234,False
13533432,False
13543142,False
13543241,False
13543242,False
13543243,False
13543244,False
13543245,False
13543342,False
13543442,True
13543542,False
13553254,False
13553452,False
14124325,True
14124523,False
14134235,False
14134532,False
14154253,False
14154352,False
14214315,False
14214513,False
14224325,True
14224523,False
14234135,False
14234235,False
14234335,True
14234435,True
14234531,False
14234532,False
14234533,False
14234534,False
14234535,False
14244345,False
14244543,False
14254153,False
14254253,False
14254351,False
14254352,False
14254353,False
14254354,False
14254355,False
14254453,False
14254553,True
14314215,False
14314512,False
14324125,False
14324225,True
14324325,False
14324425,False
14324521,False
14324522,False
14324523,False
14324524,False
14324525,False
14334235,False
14334532,False
14344245,False
14344542,False
14354152,False
14354251,False
14354252,False
14354253,False
14354254,False
14354255,False
14354352,False
14354452,False
14354552,True
14424325,False
14424523,False
14434235,False
14434532,False
14454253,False
14454352,False
14514213,True
14514312,True
14524123,False
14524223,True
14524321,True
14524322,True
14524323,True
14524324,True
14524325,True
14524423,True
14524523,False
14534132,False
14534231,False
14534232,False
14534233,False
14534234,False
14534235,False
14534332,True
14534432,True
14534532,False
14544243,False
14544342,False
14554253,False
14554352,False
15125324,True
15125423,True
15135234,False
15135432,True
15145243,False
15145342,False
15215314,False
15215413,False
15225324,True
15225423,True
15235134,False
15235234,False
15235334,True
15235431,True
15235432,True
15235433,True
15235434,True
15235435,True
15235534,True
15245143,False
15245243,False
15245341,False
15245342,False
15245343,False
15245344,False
15245345,False
15245443,True
15245543,True
15255354,False
15255453,False
15315214,False
15315412,False
15325124,False
15325224,True
15325324,False
15325421,False
15325422,False
15325423,False
15325424,False
15325425,False
15325524,False
15335234,False
15335432,True
15345142,False
15345241,False
15345242,False
15345243,False
15345244,False
15345245,False
15345342,False
15345442,True
15345542,True
15355254,False
15355452,False
15415213,False
15415312,False
15425123,False
15425223,True
15425321,False
15425322,False
15425323,False
15425324,False
15425325,False
15425423,False
15425523,False
15435132,False
15435231,False
15435232,False
15435233,False
15435234,False
15435235,False
15435332,True
15435432,False
15435532,False
15445243,False
15445342,False
15455253,False
15455352,False
15525324,False
15525423,False
15535234,False
15535432,False
15545243,False
15545342,False
21131435,False
21131534,False
21141345,False
21141543,False
21151354,False
21151453,False
21231435,False
21231534,False
21241345,False
21241543,False
21251354,False
21251453,False
21311415,False
21311514,False
21321425,False
21321524,False
21331435,False
21331534,False
21341145,False
21341245,False
21341345,False
21341445,True
21341541,False
21341542,False
21341543,False
21341544,False
21341545,False
21351154,False
21351254,False
21351354,False
21351451,False
21351452,False
21351453,False
21351454,False
21351455,False
21351554,True
21411315,False
21411513,False
21421325,False
21421523,False
21431135,False
21431235,False
21431335,True
21431435,False
21431531,False
21431532,False
21431533,False
21431534,False
21431535,False
21441345,False
21441543,False
21451153,False
21451253,False
21451351,False
21451352,False
21451353,False
21451354,False
21451355,False
21451453,False
21451553,True
21511314,False
21511413,False
21521324,False
21521423,False
21531134,False
21531234,False
21531334,True
21531431,False
21531432,False
21531433,False
21531434,False
21531435,False
21531534,False
21541143,False
21541243,False
21541341,False
21541342,False
21541343,False
21541344,False
21541345,False
21541443,True
21541543,False
21551354,False
21551453,False
22132435,False
22132534,False
22142345,False
22142543,False
22152354,False
22152453,False
22312415,False
22312514,False
22342145,False
22342541,False
22352154,False
22352451,False
22412315,False
22412513,False
22432135,False
22432531,False
22452153,False
22452351,False
22512314,False
22512413,False
22532134,False
22532431,False
22542143,False
22542341,False
23113415,False
23113514,False
23123425,False
23123524,False
23133435,False
23133534,False
23143145,False
23143245,False
23143345,False
23143445,True
23143541,False
23143542,False
23143543,False
23143544,False
23143545,False
23153154,False
23153254,False
23153354,False
23153451,False
23153452,False
23153453,False
23153454,False
23153455,False
23153554,True
23213415,False
23213514,False
23243145,False
23243541,False
23253154,False
23253451,False
23313415,False
23313514,False
23343145,False
23343541,False
23353154,False
23353451,False
23413115,True
23413215,True
23413315,True
23413415,False
23413511,False
23413512,False
23413513,False
23413514,False
23413515,False
23423125,False
23423521,False
23433135,False
23433531,False
23443145,False
23443541,False
23453151,False
23453152,False
23453153,False
23453154,False
23453155,False
23453251,False
23453351,False
23453451,False
23453551,True
23513114,True
23513214,True
23513314,True
23513411,False
23513412,False
23513413,False
23513414,False
23513415,False
23513514,False
23523124,False
23523421,False
23533134,False
23533431,False
23543141,False
23543142,False
23543143,False
23543144,False
23543145,False
23543241,False
23543341,False
23543441,True
23543541,False
23553154,False
23553451,False
24114315,True
24114513,False
24124325,True
24124523,False
24134135,False
24134235,False
24134335,True
24134435,True
24134531,False
24134532,False
24134533,False
24134534,False
24134535,False
24144345,False
24144543,False
24154153,False
24154253,False
24154351,False
24154352,False
24154353,False
24154354,False
24154355,False
24154453,False
24154553,True
24214315,False
24214513,False
24234135,False
24234531,False
24254153,False
24254351,False
24314115,True
24314215,False
24314315,False
24314415,False
24314511,False
24314512,False
24314513,False
24314514,False
24314515,False
24324125,False
24324521,False
24334135,False
24334531,False
24344145,False
24344541,False
24354151,False
24354152,False
24354153,False
24354154,False
24354155,False
24354251,False
24354351,False
24354451,False
24354551,True
24414315,False
24414513,False
24434135,False
24434531,False
24454153,False
24454351,False
24514113,True
24514213,True
24514311,True
24514312,True
24514313,True
24514314,True
24514315,True
24514413,True
24514513,False
24524123,False
24524321,True
24534131,False
24534132,False
24534133,False
24534134,False
24534135,False
24534231,False
24534331,True
24534431,True
24534531,False
24544143,False
24544341,False
24554153,False
24554351,False
25115314,True
25115413,True
25125324,True
25125423,True
25135134,False
25135234,False
25135334,True
25135431,True
25135432,True
25135433,True
25135434,True
25135435,True
25135534,True
25145143,False
25145243,False
25145341,False
25145342,False
25145343,False
25145344,False
25145345,False
25145443,True
25145543,True
25155354,False
25155453,False
25215314,False
25215413,False
25235134,False
25235431,True
25245143,False
25245341,False
25315114,True
25315214,False
25315314,False
25315411,False
25315412,False
25315413,False
25315414,False
25315415,False
25315514,False
25325124,False
25325421,False
25335134,False
25335431,True
25345141,False
25345142,False
25345143,False
25345144,False
25345145,False
25345241,False
25345341,False
25345441,True
25345541,True
25355154,False
25355451,False
25415113,True
25415213,False
25415311,False
25415312,False
25415313,False
25415314,False
25415315,False
25415413,False
25415513,False
25425123,False
25425321,False
25435131,False
25435132,False
25435133,False
25435134,False
25435135,False
25435231,False
25435331,True
25435431,False
25435531,False
25445143,False
25445341,False
25455153,False
25455351,False
25515314,False
25515413,False
25535134,False
25535431,False
25545143,False
25545341,False
31121425,False
31121524,False
31141245,False
31141542,False
31151254,False
31151452,False
31211415,False
31211514,False
31221425,False
31221524,False
31231435,False
31231534,False
31241145,False
31241245,False
31241345,False
31241445,True
31241541,False
31241542,False
31241543,False
31241544,False
31241545,False
31251154,False
31251254,False
31251354,False
31251451,False
31251452,False
31251453,False
31251454,False
31251455,False
31251554,True
31321425,False
31321524,False
31341245,False
31341542,False
31351254,False
31351452,False
31411215,False
31411512,False
31421125,False
31421225,True
31421325,False
31421425,False
31421521,False
31421522,False
31421523,False
31421524,False
31421525,False
31431235,False
31431532,False
31441245,False
31441542,False
31451152,False
31451251,False
31451252,False
31451253,False
31451254,False
31451255,False
31451352,False
31451452,False
31451552,True
31511214,False
31511412,False
31521124,False
31521224,True
31521324,False
31521421,False
31521422,False
31521423,False
31521424,False
31521425,False
31521524,False
31531234,False
31531432,False
31541142,False
31541241,False
31541242,False
31541243,False
31541244,False
31541245,False
31541342,False
31541442,True
31541542,False
31551254,False
31551452,False
32112415,False
32112514,False
32122425,False
32122524,False
32132435,False
32132534,False
32142145,False
32142245,False
32142345,False
32142445,True
32142541,False
32142542,False
32142543,False
32142544,False
32142545,False
32152154,False
32152254,False
32152354,False
32152451,False
32152452,False
32152453,False
32152454,False
32152455,False
32152554,True
32212415,False
32212514,False
32242145,False
32242541,False
32252154,False
32252451,False
32312415,False
32312514,False
32342145,False
32342541,False
32352154,False
32352451,False
32412115,True
32412215,True
32412315,False
32412415,False
32412511,False
32412512,False
32412513,False
32412514,False
32412515,False
32422125,False
32422521,False
32432135,False
32432531,False
32442145,False
32442541,False
32452151,False
32452152,False
32452153,False
32452154,False
32452155,False
32452251,False
32452351,False
32452451,False
32452551,True
32512114,True
32512214,True
32512314,False
32512411,False
32512412,False
32512413,False
32512414,False
32512415,False
32512514,False
32522124,False
32522421,False
32532134,False
32532431,False
32542141,False
32542142,False
32542143,False
32542144,False
32542145,False
32542241,False
32542341,False
32542441,True
32542541,False
32552154,False
32552451,False
33123425,False
33123524,False
33143245,False
33143542,False
33153254,False
33153452,False
33213415,False
33213514,False
33243145,False
33243541,False
33253154,False
33253451,False
33413215,True
33413512,False
33423125,False
33423521,False
33453152,False
33453251,False
33513214,True
33513412,False
33523124,False
33523421,False
33543142,False
33543241,False
34114215,True
34114512,False
34124125,False
34124225,True
34124325,True
34124425,True
34124521,False
34124522,False
34124523,False
34124524,False
34124525,False
34134235,False
34134532,False
34144245,False
34144542,False
34154152,False
34154251,False
34154252,False
34154253,False
34154254,False
34154255,False
34154352,False
34154452,False
34154552,True
34214115,True
34214215,False
34214315,False
34214415,False
34214511,False
34214512,False
34214513,False
34214514,False
34214515,False
34224125,False
34224521,False
34234135,False
34234531,False
34244145,False
34244541,False
34254151,False
34254152,False
34254153,False
34254154,False
34254155,False
34254251,False
34254351,False
34254451,False
34254551,True
34314215,False
34314512,False
34324125,False
34324521,False
34354152,False
34354251,False
34414215,False
34414512,False
34424125,False
34424521,False
34454152,False
34454251,False
34514112,True
34514211,True
34514212,True
34514213,True
34514214,True
34514215,True
34514312,True
34514412,True
34514512,False
34524121,False
34524122,False
34524123,False
34524124,False
34524125,False
34524221,True
34524321,True
34524421,True
34524521,False
34534132,False
34534231,False
34544142,False
34544241,False
34554152,False
34554251,False
35115214,True
35115412,True
35125124,False
35125224,True
35125324,True
35125421,True
35125422,True
35125423,True
35125424,True
35125425,True
35125524,True
35135234,False
35135432,True
35145142,False
35145241,False
35145242,False
35145243,False
35145244,False
35145245,False
35145342,False
35145442,True
35145542,True
35155254,False
35155452,False
35215114,True
35215214,False
35215314,False
35215411,False
35215412,False
35215413,False
35215414,False
35215415,False
35215514,False
35225124,False
35225421,True
35235134,False
35235431,True
35245141,False
35245142,False
35245143,False
35245144,False
35245145,False
35245241,False
35245341,False
35245441,True
35245541,True
35255154,False
35255451,False
35315214,False
35315412,False
35325124,False
35325421,False
35345142,False
35345241,False
35415112,True
35415211,False
35415212,False
35415213,False
35415214,False
35415215,False
35415312,False
35415412,False
35415512,False
35425121,False
35425122,False
35425123,False
35425124,False
35425125,False
35425221,True
35425321,False
35425421,False
35425521,False
35435132,False
35435231,False
35445142,False
35445241,False
35455152,False
35455251,False
35515214,False
35515412,False
35525124,False
35525421,False
35545142,False
35545241,False
41121325,False
41121523,False
41131235,False
41131532,False
41151253,False
41151352,False
41211315,False
41211513,False
41221325,False
41221523,False
41231135,False
41231235,False
41231335,True
41231435,False
41231531,False
41231532,False
41231533,False
41231534,False
41231535,False
41241345,False
41241543,False
41251153,False
41251253,False
41251351,False
41251352,False
41251353,False
41251354,False
41251355,False
41251453,False
41251553,True
41311215,False
41311512,False
41321125,False
41321225,True
41321325,False
41321425,False
41321521,False
41321522,False
41321523,False
41321524,False
41321525,False
41331235,False
41331532,False
41341245,False
41341542,False
41351152,False
41351251,False
41351252,False
41351253,False
41351254,False
41351255,False
41351352,False
41351452,False
41351552,True
41421325,False
41421523,False
41431235,False
41431532,False
41451253,False
41451352,False
41511213,False
41511312,False
41521123,False
41521223,True
41521321,False
41521322,False
41521323,False
41521324,False
41521325,False
41521423,False
41521523,False
41531132,False
41531231,False
41531232,False
41531233,False
41531234,False
41531235,False
41531332,True
41531432,False
41531532,False
41541243,False
41541342,False
41551253,False
41551352,False
42112315,False
42112513,False
42122325,False
42122523,False
42132135,False
42132235,False
42132335,True
42132435,False
42132531,False
42132532,False
42132533,False
42132534,False
42132535,False
42142345,False
42142543,False
42152153,False
42152253,False
42152351,False
42152352,False
42152353,False
42152354,False
42152355,False
42152453,False
42152553,True
42212315,False
42212513,False
42232135,False
42232531,False
42252153,False
42252351,False
42312115,True
42312215,True
42312315,False
42312415,False
42312511,False
42312512,False
42312513,False
42312514,False
42312515,False
42322125,False
42322521,False
42332135,False
42332531,False
42342145,False
42342541,False
42352151,False
42352152,False
42352153,False
42352154,False
42352155,False
42352251,False
42352351,False
42352451,False
42352551,True
42412315,False
42412513,False
42432135,False
42432531,False
42452153,False
42452351,False
42512113,True
42512213,True
42512311,False
42512312,False
42512313,False
42512314,False
42512315,False
42512413,False
42512513,False
42522123,False
42522321,False
42532131,False
42532132,False
42532133,False
42532134,False
42532135,False
42532231,False
42532331,True
42532431,False
42532531,False
42542143,False
42542341,False
42552153,False
42552351,False
43113215,True
43113512,False
43123125,False
43123225,True
43123325,True
43123425,False
43123521,False
43123522,False
43123523,False
43123524,False
43123525,False
43133235,False
43133532,False
43143245,False
43143542,False
43153152,False
43153251,False
43153252,False
43153253,False
43153254,False
43153255,False
43153352,False
43153452,False
43153552,True
43213115,True
43213215,False
43213315,False
43213415,False
43213511,False
43213512,False
43213513,False
43213514,False
43213515,False
43223125,False
43223521,False
43233135,False
43233531,False
43243145,False
43243541,False
43253151,False
43253152,False
43253153,False
43253154,False
43253155,False
43253251,False
43253351,False
43253451,False
43253551,True
43313215,False
43313512,False
43323125,False
43323521,False
43353152,False
43353251,False
43413215,True
43413512,False
43423125,False
43423521,False
43453152,False
43453251,False
43513112,True
43513211,True
43513212,True
43513213,True
43513214,True
43513215,True
43513312,True
43513412,False
43513512,False
43523121,False
43523122,False
43523123,False
43523124,False
43523125,False
43523221,True
43523321,True
43523421,False
43523521,False
43533132,False
43533231,False
43543142,False
43543241,False
43553152,False
43553251,False
44124325,True
44124523,False
44134235,False
44134532,False
44154253,False
44154352,False
44214315,False
44214513,False
44234135,False
44234531,False
44254153,False
44254351,False
44314215,False
44314512,False
44324125,False
44324521,False
44354152,False
44354251,False
44514213,True
44514312,True
44524123,False
44524321,True
44534132,False
44534231,False
45115213,True
45115312,True
45125123,False
45125223,True
45125321,True
45125322,True
45125323,True
45125324,True
45125325,True
45125423,True
45125523,True
45135132,False
45135231,False
45135232,False
45135233,False
45135234,False
45135235,False
45135332,True
45135432,True
45135532,True
45145243,False
45145342,False
45155253,False
45155352,False
45215113,True
45215213,False
45215311,False
45215312,False
45215313,False
45215314,False
45215315,False
45215413,False
45215513,False
45225123,False
45225321,True
45235131,False
45235132,False
45235133,False
45235134,False
45235135,False
45235231,False
45235331,True
45235431,True
45235531,True
45245143,False
45245341,False
45255153,False
45255351,False
45315112,True
45315211,False
45315212,False
45315213,False
45315214,False
45315215,False
45315312,False
45315412,False
45315512,False
45325121,False
45325122,False
45325123,False
45325124,False
45325125,False
45325221,True
45325321,False
45325421,False
45325521,False
45335132,False
45335231,False
45345142,False
45345241,False
45355152,False
45355251,False
45415213,False
45415312,False
45425123,False
45425321,False
45435132,False
45435231,False
45515213,False
45515312,False
45525123,False
45525321,False
45535132,False
45535231,False
51121324,False
51121423,False
51131234,False
51131432,False
51141243,False
51141342,False
51211314,False
51211413,False
51221324,False
51221423,False
51231134,False
51231234,False
51231334,True
51231431,False
51231432,False
51231433,False
51231434,False
51231435,False
51231534,False
51241143,False
51241243,False
51241341,False
51241342,False
51241343,False
51241344,False
51241345,False
51241443,True
51241543,False
51251354,False
51251453,False
51311214,False
51311412,False
51321124,False
51321224,True
51321324,False
51321421,False
51321422,False
51321423,False
51321424,False
51321425,False
51321524,False
51331234,False
51331432,False
51341142,False
51341241,False
51341242,False
51341243,False
51341244,False
51341245,False
51341342,False
51341442,True
51341542,False
51351254,False
51351452,False
51411213,False
51411312,False
51421123,False
51421223,True
51421321,False
51421322,False
51421323,False
51421324,False
51421325,False
51421423,False
51421523,False
51431132,False
51431231,False
51431232,False
51431233,False
51431234,False
51431235,False
51431332,True
51431432,False
51431532,False
51441243,False
51441342,False
51451253,False
51451352,False
51521324,False
51521423,False
51531234,False
51531432,False
51541243,False
51541342,False
52112314,False
52112413,False
52122324,False
52122423,False
52132134,False
52132234,False
52132334,True
52132431,False
52132432,False
52132433,False
52132434,False
52132435,False
52132534,False
52142143,False
52142243,False
52142341,False
52142342,False
52142343,False
52142344,False
52142345,False
52142443,True
52142543,False
52152354,False
52152453,False
52212314,False
52212413,False
52232134,False
52232431,False
52242143,False
52242341,False
52312114,True
52312214,True
52312314,False
52312411,False
52312412,False
52312413,False
52312414,False
52312415,False
52312514,False
52322124,False
52322421,False
52332134,False
52332431,False
52342141,False
52342142,False
52342143,False
52342144,False
52342145,False
52342241,False
52342341,False
52342441,True
52342541,False
52352154,False
52352451,False
52412113,True
52412213,True
52412311,False
52412312,False
52412313,False
52412314,False
52412315,False
52412413,False
52412513,False
52422123,False
52422321,False
52432131,False
52432132,False
52432133,False
52432134,False
52432135,False
52432231,False
52432331,True
52432431,False
52432531,False
52442143,False
52442341,False
52452153,False
52452351,False
52512314,False
52512413,False
52532134,False
52532431,False
52542143,False
52542341,False
53113214,True
53113412,False
53123124,False
53123224,True
53123324,True
53123421,False
53123422,False
53123423,False
53123424,False
53123425,False
53123524,False
53133234,False
53133432,False
53143142,False
53143241,False
53143242,False
53143243,False
53143244,False
53143245,False
53143342,False
53143442,True
53143542,False
53153254,False
53153452,False
53213114,True
53213214,False
53213314,False
53213411,False
53213412,False
53213413,False
53213414,False
53213415,False
53213514,False
53223124,False
53223421,False
53233134,False
53233431,False
53243141,False
53243142,False
53243143,False
53243144,False
53243145,False
53243241,False
53243341,False
53243441,True
53243541,False
53253154,False
53253451,False
53313214,False
53313412,False
53323124,False
53323421,False
53343142,False
53343241,False
53413112,True
53413211,True
53413212,True
53413213,True
53413214,True
53413215,True
53413312,True
53413412,False
53413512,False
53423121,False
53423122,False
53423123,False
53423124,False
53423125,False
53423221,True
53423321,True
53423421,False
53423521,False
53433132,False
53433231,False
53443142,False
53443241,False
53453152,False
53453251,False
53513214,True
53513412,False
53523124,False
53523421,False
53543142,False
53543241,False
54114213,True
54114312,True
54124123,False
54124223,True
54124321,True
54124322,True
54124323,True
54124324,True
54124325,True
54124423,True
54124523,False
54134132,False
54134231,False
54134232,False
54134233,False
54134234,False
54134235,False
54134332,True
54134432,True
54134532,False
54144243,False
54144342,False
54154253,False
54154352,False
54214113,True
54214213,False
54214311,False
54214312,False
54214313,False
54214314,False
54214315,False
54214413,False
54214513,False
54224123,False
54224321,True
54234131,False
54234132,False
54234133,False
54234134,False
54234135,False
54234231,False
54234331,True
54234431,True
54234531,False
54244143,False
54244341,False
54254153,False
54254351,False
54314112,True
54314211,False
54314212,False
54314213,False
54314214,False
54314215,False
54314312,False
54314412,False
54314512,False
54324121,False
54324122,False
54324123,False
54324124,False
54324125,False
54324221,True
54324321,False
54324421,False
54324521,False
54334132,False
54334231,False
54344142,False
54344241,False
54354152,False
54354251,False
54414213,False
54414312,False
54424123,False
54424321,False
54434132,False
54434231,False
54514213,True
54514312,True
54524123,False
54524321,True
54534132,False
54534231,False
55125324,True
55125423,True
55135234,False
55135432,True
55145243,False
55145342,False
55215314,False
55215413,False
55235134,False
55235431,True
55245143,False
55245341,False
55315214,False
55315412,False
55325124,False
55325421,False
55345142,False
55345241,False
55415213,False
55415312,False
55425123,False
55425321,False
55435132,False
55435231,False
12342546,False
12342645,False
12352456,False
12352654,False
12362465,False
12362564,False
12432536,False
12432635,False
12452356,False
12452653,False
12462365,False
12462563,False
12532436,False
12532634,False
12542346,False
12542643,False
12562364,False
12562463,False
12632435,False
12632534,False
12642345,False
12642543,False
12652354,False
12652453,False
13243546,False
13243645,False
13253456,False
13253654,False
13263465,False
13263564,False
13423526,False
13423625,False
13453256,False
13453652,False
13463265,False
13463562,False
13523426,False
13523624,False
13543246,False
13543642,False
13563264,False
13563462,False
13623425,False
13623524,False
13643245,False
13643542,False
13653254,False
13653452,False
14234536,False
14234635,False
14254356,False
14254653,False
14264365,False
14264563,False
14324526,False
14324625,False
14354256,False
14354652,False
14364265,False
14364562,False
14524326,True
14524623,False
14534236,False
14534632,False
14564263,False
14564362,False
14624325,True
14624523,False
14634235,False
14634532,False
14654253,False
14654352,False
15235436,True
15235634,False
15245346,False
15245643,False
15265364,False
15265463,False
15325426,False
15325624,False
15345246,False
15345642,False
15365264,False
15365462,False
15425326,False
15425623,False
15435236,False
15435632,False
15465263,False
15465362,False
15625324,True
15625423,True
15635234,False
15635432,True
15645243,False
15645342,False
16236435,True
16236534,True
16246345,False
16246543,True
16256354,False
16256453,False
16326425,False
16326524,False
16346245,False
16346542,True
16356254,False
16356452,False
16426325,False
16426523,False
16436235,False
16436532,False
16456253,False
16456352,False
16526324,False
16526423,False
16536234,False
16536432,False
16546243,False
16546342,False
21341546,False
21341645,False
21351456,False
21351654,False
21361465,False
21361564,False
21431536,False
21431635,False
21451356,False
21451653,False
21461365,False
21461563,False
21531436,False
21531634,False
21541346,False
21541643,False
21561364,False
21561463,False
21631435,False
21631534,False
21641345,False
21641543,False
21651354,False
21651453,False
23143546,False
23143645,False
23153456,False
23153654,False
23163465,False
23163564,False
23413516,False
23413615,False
23453156,False
23453651,False
23463165,False
23463561,False
23513416,False
23513614,False
23543146,False
23543641,False
23563164,False
23563461,False
23613415,False
23613514,False
23643145,False
23643541,False
23653154,False
23653451,False
24134536,False
24134635,False
24154356,False
24154653,False
24164365,False
24164563,False
24314516,False
24314615,False
24354156,False
24354651,False
24364165,False
24364561,False
24514316,True
24514613,False
24534136,False
24534631,False
24564163,False
24564361,False
24614315,True
24614513,False
24634135,False
24634531,False
24654153,False
24654351,False
25135436,True
25135634,False
25145346,False
25145643,False
25165364,False
25165463,False
25315416,False
25315614,False
25345146,False
25345641,False
25365164,False
25365461,False
25415316,False
25415613,False
25435136,False
25435631,False
25465163,False
25465361,False
25615314,True
25615413,True
25635134,False
25635431,True
25645143,False
25645341,False
26136435,True
26136534,True
26146345,False
26146543,True
26156354,False
26156453,False
26316415,False
26316514,False
26346145,False
26346541,True
26356154,False
26356451,False
26416315,False
26416513,False
26436135,False
26436531,False
26456153,False
26456351,False
26516314,False
26516413,False
26536134,False
26536431,False
26546143,False
26546341,False
31241546,False
31241645,False
31251456,False
31251654,False
31261465,False
31261564,False
31421526,False
31421625,False
31451256,False
31451652,False
31461265,False
31461562,False
31521426,False
31521624,False
31541246,False
31541642,False
31561264,False
31561462,False
31621425,False
31621524,False
31641245,False
31641542,False
31651254,False
31651452,False
32142546,False
32142645,False
32152456,False
32152654,False
32162465,False
32162564,False
32412516,False
32412615,False
32452156,False
32452651,False
32462165,False
32462561,False
32512416,False
32512614,False
32542146,False
32542641,False
32562164,False
32562461,False
32612415,False
32612514,False
32642145,False
32642541,False
32652154,False
32652451,False
34124526,False
34124625,False
34154256,False
34154652,False
34164265,False
34164562,False
34214516,False
34214615,False
34254156,False
34254651,False
34264165,False
34264561,False
34514216,True
34514612,False
34524126,False
34524621,False
34564162,False
34564261,False
34614215,True
34614512,False
34624125,False
34624521,False
34654152,False
34654251,False
35125426,True
35125624,False
35145246,False
35145642,False
35165264,False
35165462,False
35215416,False
35215614,False
35245146,False
35245641,False
35265164,False
35265461,False
35415216,False
35415612,False
35425126,False
35425621,False
35465162,False
35465261,False
35615214,True
35615412,True
35625124,False
35625421,True
35645142,False
35645241,False
36126425,True
36126524,True
36146245,False
36146542,True
36156254,False
36156452,False
36216415,False
36216514,False
36246145,False
36246541,True
36256154,False
36256451,False
36416215,False
36416512,False
36426125,False
36426521,False
36456152,False
36456251,False
36516214,False
36516412,False
36526124,False
36526421,False
36546142,False
36546241,False
41231536,False
41231635,False
41251356,False
41251653,False
41261365,False
41261563,False
41321526,False
41321625,False
41351256,False
41351652,False
41361265,False
41361562,False
41521326,False
41521623,False
41531236,False
41531632,False
41561263,False
41561362,False
41621325,False
41621523,False
41631235,False
41631532,False
41651253,False
41651352,False
42132536,False
42132635,False
42152356,False
42152653,False
42162365,False
42162563,False
42312516,False
42312615,False
42352156,False
42352651,False
42362165,False
42362561,False
42512316,False
42512613,False
42532136,False
42532631,False
42562163,False
42562361,False
42612315,False
42612513,False
42632135,False
42632531,False
42652153,False
42652351,False
43123526,False
43123625,False
43153256,False
43153652,False
43163265,False
43163562,False
43213516,False
43213615,False
43253156,False
43253651,False
43263165,False
43263561,False
43513216,True
43513612,False
43523126,False
43523621,False
43563162,False
43563261,False
43613215,True
43613512,False
43623125,False
43623521,False
43653152,False
43653251,False
45125326,True
45125623,False
45135236,False
45135632,False
45165263,False
45165362,False
45215316,False
45215613,False
45235136,False
45235631,False
45265163,False
45265361,False
45315216,False
45315612,False
45325126,False
45325621,False
45365162,False
45365261,False
45615213,True
45615312,True
45625123,False
45625321,True
45635132,False
45635231,False
46126325,True
46126523,True
46136235,False
46136532,True
46156253,False
46156352,False
46216315,False
46216513,False
46236135,False
46236531,True
46256153,False
46256351,False
46316215,False
46316512,False
46326125,False
46326521,False
46356152,False
46356251,False
46516213,False
46516312,False
46526123,False
46526321,False
46536132,False
46536231,False
51231436,False
51231634,False
51241346,False
51241643,False
51261364,False
51261463,False
51321426,False
51321624,False
51341246,False
51341642,False
51361264,False
51361462,False
51421326,False
51421623,False
51431236,False
51431632,False
51461263,False
51461362,False
51621324,False
51621423,False
51631234,False
51631432,False
51641243,False
51641342,False
52132436,False
52132634,False
52142346,False
52142643,False
52162364,False
52162463,False
52312416,False
52312614,False
52342146,False
52342641,False
52362164,False
52362461,False
52412316,False
52412613,False
52432136,False
52432631,False
52462163,False
52462361,False
52612314,False
52612413,False
52632134,False
52632431,False
52642143,False
52642341,False
53123426,False
53123624,False
53143246,False
53143642,False
53163264,False
53163462,False
53213416,False
53213614,False
53243146,False
53243641,False
53263164,False
53263461,False
53413216,True
53413612,False
53423126,False
53423621,False
53463162,False
53463261,False
53613214,True
53613412,False
53623124,False
53623421,False
53643142,False
53643241,False
54124326,True
54124623,False
54134236,False
54134632,False
54164263,False
54164362,False
54214316,False
54214613,False
54234136,False
54234631,False
54264163,False
54264361,False
54314216,False
54314612,False
54324126,False
54324621,False
54364162,False
54364261,False
54614213,True
54614312,True
54624123,False
54624321,True
54634132,False
54634231,False
56126324,True
56126423,True
56136234,False
56136432,True
56146243,False
56146342,False
56216314,False
56216413,False
56236134,False
56236431,True
56246143,False
56246341,False
56316214,False
56316412,False
56326124,False
56326421,False
56346142,False
56346241,False
56416213,False
56416312,False
56426123,False
56426321,False
56436132,False
56436231,False
61231435,False
61231534,False
61241345,False
61241543,False
61251354,False
61251453,False
61321425,False
61321524,False
61341245,False
61341542,False
61351254,False
61351452,False
61421325,False
61421523,False
61431235,False
61431532,False
61451253,False
61451352,False
61521324,False
61521423,False
61531234,False
61531432,False
61541243,False
61541342,False
62132435,False
62132534,False
62142345,False
62142543,False
62152354,False
62152453,False
62312415,False
62312514,False
62342145,False
62342541,False
62352154,False
62352451,False
62412315,False
62412513,False
62432135,False
62432531,False
62452153,False
62452351,False
62512314,False
62512413,False
62532134,False
62532431,False
62542143,False
62542341,False
63123425,False
63123524,False
63143245,False
63143542,False
63153254,False
63153452,False
63213415,False
63213514,False
63243145,False
63243541,False
63253154,False
63253451,False
63413215,True
63413512,False
63423125,False
63423521,False
63453152,False
63453251,False
63513214,True
63513412,False
63523124,False
63523421,False
63543142,False
63543241,False
64124325,True
64124523,False
64134235,False
64134532,False
64154253,False
64154352,False
64214315,False
64214513,False
64234135,False
64234531,False
64254153,False
64254351,False
64314215,False
64314512,False
64324125,False
64324521,False
64354152,False
64354251,False
64514213,True
64514312,True
64524123,False
64524321,True
64534132,False
64534231,False
65125324,True
65125423,True
65135234,False
65135432,True
65145243,False
65145342,False
65215314,False
65215413,False
65235134,False
65235431,True
65245143,False
65245341,False
65315214,False
65315412,False
65325124,False
65325421,False
65345142,False
65345241,False
65415213,False
65415312,False
65425123,False
65425321,False
65435132,False
65435231,False
